Customer_ID,Name,Email,Phone,Gender,Age
100,Suresh Gupta,suresh.gupta@email.com,Unknown,Male,48
101,Arjun Kulkarni,arjun.kulkarni@email.com,8481367606.0,Male,48
102,Sandeep Rao,sandeep.rao@email.com,9623708840.0,Female,48
103,Deepika Pandey,deepika.pandey@email.com,8117574539.0,Male,50
104,Meera Gupta,meera.gupta@email.com,7811653542.0,Male,61
105,Sai Yadav,sai.yadav@email.com,9773210779.0,Male,50
106,Arjun Pandey,arjun.pandey@email.com,8851319995.0,Female,19
107,Sai Patil,sai.patil@email.com,8225078951.0,Female,53
108,Ishaan Rao,ishaan.rao@email.com,9842572396.0,Female,75
109,Simran Choudhury,simran.choudhury@email.com,7200550700.0,Male,73
110,Riya Gupta,riya.gupta@email.com,9262195478.0,Male,24
111,Arjun Yadav,arjun.yadav@email.com,8348066078.0,Male,33
112,Rohit Joshi,rohit.joshi@email.com,9442294850.0,Male,23
113,Pooja Singh,pooja.singh@email.com,8424039274.0,Female,62
114,Neha Yadav,neha.yadav@email.com,9412070304.0,Male,21
115,Karan Gupta,karan.gupta@email.com,Unknown,Male,22
116,Diya Yadav,diya.yadav@email.com,7495500653.0,Female,31
117,Sneha Mehta,sneha.mehta@email.com,8362370499.0,Male,52
118,Priya Banerjee,priya.banerjee@email.com,8130224539.0,Male,60
119,Neha Reddy,neha.reddy@email.com,9182871223.0,Female,50
120,Meera Rao,meera.rao@email.com,7042076275.0,Female,48
121,Aarav Patel,aarav.patel@email.com,7961035403.0,Male,48
122,Priya Yadav,priya.yadav@email.com,7635897921.0,Male,48
123,Vihaan Singh,vihaan.singh@email.com,9974672173.0,Male,72
124,Sanjay Mehta,sanjay.mehta@email.com,7843720138.0,Female,40
125,Karan Kulkarni,karan.kulkarni@email.com,9959191921.0,Female,40
126,Sneha Iyer,sneha.iyer@email.com,9918104586.0,Male,41
127,Sunita Gupta,sunita.gupta@email.com,9966195636.0,Male,30
128,Kiran Yadav,kiran.yadav@email.com,8696350245.0,Female,47
129,Kavita Choudhury,kavita.choudhury@email.com,9249710563.0,Male,61
130,Ramesh Mehta,ramesh.mehta@email.com,Unknown,Male,27
131,Vihaan Verma,vihaan.verma@email.com,7967485733.0,Male,59
132,Aarav Gill,aarav.gill@email.com,7728645911.0,Female,60
133,Simran Chatterjee,simran.chatterjee@email.com,9374884941.0,Female,46
134,Amit Gill,amit.gill@email.com,7827424723.0,Male,26
135,Krishna Mehta,krishna.mehta@email.com,8670454249.0,Male,72
136,Sandeep Das,sandeep.das@email.com,7923885778.0,Female,32
137,Rajesh Iyer,rajesh.iyer@email.com,8036414160.0,Female,55
138,Vihaan Gupta,vihaan.gupta@email.com,9481234382.0,Female,34
139,Saisha Das,saisha.das@email.com,7709209002.0,Male,57
140,Krishna Mehta,krishna.mehta1@email.com,7419423697.0,Male,48
141,Arjun Sen,arjun.sen@email.com,7959391582.0,Female,48
142,Sai Sen,sai.sen@email.com,7343538819.0,Female,48
143,Sunita Singh,sunita.singh@email.com,9566974853.0,Male,71
144,Saisha Rao,saisha.rao@email.com,8246308127.0,Female,35
145,Rajesh Chatterjee,rajesh.chatterjee@email.com,Unknown,Male,51
146,Rohit Gupta,rohit.gupta@email.com,7747664702.0,Male,37
147,Vikram Das,vikram.das@email.com,9547372211.0,Male,65
148,Rahul Gill,rahul.gill@email.com,9124795211.0,Male,41
149,Shaurya Reddy,shaurya.reddy@email.com,7710029671.0,Male,54
150,Suresh Das,suresh.das@email.com,8410948406.0,Male,27
151,Krishna Sen,krishna.sen@email.com,8025456739.0,Female,73
152,Sunita Reddy,sunita.reddy@email.com,9667922611.0,Male,28
153,Aarav Iyer,aarav.iyer@email.com,8640228022.0,Male,45
154,Sai Chatterjee,sai.chatterjee@email.com,7698013752.0,Male,47
155,Ramesh Prasad,ramesh.prasad@email.com,8954004320.0,Male,66
156,Rajesh Sen,rajesh.sen@email.com,7715429489.0,Female,40
157,Kiran Nair,kiran.nair@email.com,8683629854.0,Female,34
158,Sneha Patel,sneha.patel@email.com,8880840564.0,Female,66
159,Ananya Joshi,ananya.joshi@email.com,8594619621.0,Male,53
160,Kiran Gupta,kiran.gupta@email.com,Unknown,Male,48
161,Sai Choudhury,sai.choudhury@email.com,7619274444.0,Male,48
162,Karan Bhat,karan.bhat@email.com,7827495822.0,Female,48
163,Kavita Chatterjee,kavita.chatterjee@email.com,8355431652.0,Female,20
164,Sneha Bhat,sneha.bhat@email.com,8783689405.0,Female,73
165,Arjun Choudhury,arjun.choudhury@email.com,7547461493.0,Female,59
166,Saisha Nair,saisha.nair@email.com,9833778006.0,Female,32
167,Saisha Iyer,saisha.iyer@email.com,7771120303.0,Female,27
168,Pooja Banerjee,pooja.banerjee@email.com,8571086291.0,Female,58
169,Amit Choudhury,amit.choudhury@email.com,8684250992.0,Female,62
170,Amit Choudhury,amit.choudhury1@email.com,8134255929.0,Female,35
171,Aarav Sen,aarav.sen@email.com,9799789728.0,Male,58
172,Rohit Mishra,rohit.mishra@email.com,8676869634.0,Female,64
173,Aditya Gupta,aditya.gupta@email.com,8342783521.0,Female,69
174,Suresh Bhat,suresh.bhat@email.com,8840726638.0,Female,23
175,Deepika Sharma,deepika.sharma@email.com,Unknown,Female,52
176,Sai Choudhury,sai.choudhury1@email.com,8665891208.0,Female,57
177,Neha Pandey,neha.pandey@email.com,7647610091.0,Male,74
178,Rahul Kumar,rahul.kumar@email.com,8467947140.0,Female,57
179,Kiran Rao,kiran.rao@email.com,7624239396.0,Male,43
180,Rajesh Joshi,rajesh.joshi@email.com,7980269039.0,Male,48
181,Neha Joshi,neha.joshi@email.com,9283190811.0,Female,48
182,Sai Yadav,sai.yadav1@email.com,7137502141.0,Male,48
183,Vikram Banerjee,vikram.banerjee@email.com,9159078549.0,Male,48
184,Deepika Iyer,deepika.iyer@email.com,9174831165.0,Female,42
185,Simran Reddy,simran.reddy@email.com,8547168584.0,Male,44
186,Riya Choudhury,riya.choudhury@email.com,8404631908.0,Male,45
187,Arjun Bhat,arjun.bhat@email.com,9310956489.0,Female,73
188,Ananya Reddy,ananya.reddy@email.com,9315148351.0,Female,54
189,Neha Iyer,neha.iyer@email.com,9986609821.0,Female,39
190,Rahul Sharma,rahul.sharma@email.com,Unknown,Male,73
191,Krishna Sen,krishna.sen1@email.com,9416072433.0,Female,67
192,Saisha Verma,saisha.verma@email.com,7166264427.0,Male,40
193,Sunita Patel,sunita.patel@email.com,8655329029.0,Male,66
194,Amit Reddy,amit.reddy@email.com,8144152563.0,Female,73
195,Vivaan Iyer,vivaan.iyer@email.com,7403446249.0,Male,69
196,Anil Prasad,anil.prasad@email.com,8082553333.0,Male,22
197,Karan Pandey,karan.pandey@email.com,7517396112.0,Male,56
198,Krishna Gill,krishna.gill@email.com,9096455686.0,Female,73
199,Sneha Kumar,sneha.kumar@email.com,8043205340.0,Female,22
200,Saisha Mishra,saisha.mishra@email.com,9545784863.0,Female,48
201,Krishna Verma,krishna.verma@email.com,8183751244.0,Male,48
202,Suresh Kulkarni,suresh.kulkarni@email.com,8760633532.0,Male,48
203,Krishna Patil,krishna.patil@email.com,8963593378.0,Male,59
204,Sunita Banerjee,sunita.banerjee@email.com,8039371912.0,Male,50
205,Rahul Bhat,rahul.bhat@email.com,Unknown,Male,60
206,Riya Gill,riya.gill@email.com,9131878144.0,Male,46
207,Suresh Gill,suresh.gill@email.com,9722979165.0,Female,47
208,Suresh Gill,suresh.gill1@email.com,8541168043.0,Male,63
209,Simran Patel,simran.patel@email.com,8014580988.0,Male,44
210,Ananya Kulkarni,ananya.kulkarni@email.com,9330230731.0,Male,36
211,Sanjay Prasad,sanjay.prasad@email.com,7746902196.0,Female,25
212,Suresh Mehta,suresh.mehta@email.com,8126608456.0,Male,63
213,Krishna Reddy,krishna.reddy@email.com,8035165395.0,Male,42
214,Sanjay Verma,sanjay.verma@email.com,9337302615.0,Female,26
215,Vivaan Patil,vivaan.patil@email.com,9368694117.0,Female,20
216,Suresh Joshi,suresh.joshi@email.com,7783338406.0,Female,40
217,Ananya Pandey,ananya.pandey@email.com,8274449316.0,Female,69
218,Simran Rao,simran.rao@email.com,7706853063.0,Female,28
219,Kavita Patil,kavita.patil@email.com,8083929906.0,Female,50
220,Ishaan Sharma,ishaan.sharma@email.com,Unknown,Male,48
221,Kavita Verma,kavita.verma@email.com,7073356693.0,Male,48
222,Simran Patil,simran.patil@email.com,8329015917.0,Female,48
223,Suresh Prasad,suresh.prasad@email.com,8210179899.0,Female,63
224,Diya Chatterjee,diya.chatterjee@email.com,9221771329.0,Male,33
225,Meera Sharma,meera.sharma@email.com,8538560397.0,Female,67
226,Kiran Sen,kiran.sen@email.com,7130451855.0,Male,45
227,Karan Verma,karan.verma@email.com,7531929520.0,Male,58
228,Neha Rao,neha.rao@email.com,7660655169.0,Female,71
229,Vivaan Sharma,vivaan.sharma@email.com,7065674646.0,Female,59
230,Ramesh Das,ramesh.das@email.com,7862004426.0,Female,73
231,Sneha Bhat,sneha.bhat1@email.com,8913534220.0,Female,42
232,Kiran Mehta,kiran.mehta@email.com,7897119484.0,Male,43
233,Karan Choudhury,karan.choudhury@email.com,7230486458.0,Female,26
234,Amit Bhat,amit.bhat@email.com,8734515057.0,Female,70
235,Sai Kumar,sai.kumar@email.com,Unknown,Male,43
236,Vikram Nair,vikram.nair@email.com,9971550134.0,Female,27
237,Karan Kumar,karan.kumar@email.com,8933685554.0,Female,48
238,Vihaan Patil,vihaan.patil@email.com,8695776049.0,Male,64
239,Ananya Sen,ananya.sen@email.com,8166816091.0,Male,46
240,Sneha Iyer,sneha.iyer1@email.com,7425648775.0,Female,48
241,Sanjay Banerjee,sanjay.banerjee@email.com,8319337766.0,Female,48
242,Rajesh Chatterjee,rajesh.chatterjee1@email.com,8292227339.0,Female,48
243,Rahul Kulkarni,rahul.kulkarni@email.com,8898227342.0,Female,31
244,Rohit Chatterjee,rohit.chatterjee@email.com,8961652656.0,Male,24
245,Kiran Nair,kiran.nair1@email.com,9461991684.0,Male,66
246,Suresh Nair,suresh.nair@email.com,8690557991.0,Male,20
247,Deepika Das,deepika.das@email.com,7999805192.0,Female,74
248,Aditya Banerjee,aditya.banerjee@email.com,8283767032.0,Male,29
249,Deepika Iyer,deepika.iyer1@email.com,9340949034.0,Female,39
250,Ramesh Sen,ramesh.sen@email.com,Unknown,Female,34
251,Vikram Prasad,vikram.prasad@email.com,7013458731.0,Female,41
252,Neha Mehta,neha.mehta@email.com,7449379788.0,Male,61
253,Saisha Banerjee,saisha.banerjee@email.com,8539189251.0,Female,25
254,Priya Prasad,priya.prasad@email.com,9484014556.0,Female,64
255,Vihaan Kulkarni,vihaan.kulkarni@email.com,8875030990.0,Female,20
256,Suresh Iyer,suresh.iyer@email.com,7779649389.0,Female,23
257,Rahul Kumar,rahul.kumar1@email.com,9819319879.0,Female,61
258,Rahul Iyer,rahul.iyer@email.com,9324118706.0,Male,33
259,Priya Gupta,priya.gupta@email.com,7546820457.0,Male,26
260,Karan Reddy,karan.reddy@email.com,7873563316.0,Male,48
261,Ramesh Rao,ramesh.rao@email.com,7557165036.0,Female,48
262,Sneha Prasad,sneha.prasad@email.com,8421522814.0,Male,48
263,Kiran Chatterjee,kiran.chatterjee@email.com,9122698071.0,Female,42
264,Vivaan Gupta,vivaan.gupta@email.com,7856229392.0,Male,65
265,Sai Bhat,sai.bhat@email.com,Unknown,Female,33
266,Priya Kulkarni,priya.kulkarni@email.com,7573532540.0,Female,66
267,Sneha Joshi,sneha.joshi@email.com,8308705572.0,Male,39
268,Neha Kulkarni,neha.kulkarni@email.com,9846628964.0,Male,64
269,Rahul Singh,rahul.singh@email.com,7749560089.0,Male,66
270,Aarav Iyer,aarav.iyer1@email.com,7827053666.0,Female,60
271,Meera Sharma,meera.sharma1@email.com,7540752564.0,Male,24
272,Arjun Banerjee,arjun.banerjee@email.com,7262370942.0,Male,37
273,Saisha Pandey,saisha.pandey@email.com,9703500144.0,Female,54
274,Arjun Banerjee,arjun.banerjee1@email.com,7296529625.0,Male,29
275,Sneha Sharma,sneha.sharma@email.com,7577301283.0,Female,42
276,Aditya Prasad,aditya.prasad@email.com,9073020665.0,Female,19
277,Rajesh Choudhury,rajesh.choudhury@email.com,8253153722.0,Male,23
278,Rajesh Kumar,rajesh.kumar@email.com,8767310332.0,Male,23
279,Shaurya Iyer,shaurya.iyer@email.com,8551055780.0,Female,42
280,Saisha Bhat,saisha.bhat@email.com,Unknown,Male,48
281,Simran Singh,simran.singh@email.com,9313404440.0,Female,48
282,Meera Mishra,meera.mishra@email.com,9113936833.0,Male,48
283,Rohit Das,rohit.das@email.com,8133769732.0,Female,41
284,Sai Sen,sai.sen1@email.com,7556594742.0,Male,70
285,Kiran Yadav,kiran.yadav1@email.com,8132143455.0,Female,52
286,Vivaan Patil,vivaan.patil1@email.com,9856076360.0,Female,66
287,Riya Iyer,riya.iyer@email.com,7025555437.0,Male,40
288,Vihaan Das,vihaan.das@email.com,7290873375.0,Female,48
289,Arjun Choudhury,arjun.choudhury1@email.com,9633818661.0,Male,51
290,Shaurya Chatterjee,shaurya.chatterjee@email.com,7344761637.0,Male,46
291,Sunita Kulkarni,sunita.kulkarni@email.com,7727801813.0,Female,25
292,Amit Yadav,amit.yadav@email.com,8565653868.0,Female,57
293,Saisha Yadav,saisha.yadav@email.com,7321313554.0,Female,58
294,Rahul Prasad,rahul.prasad@email.com,9911218689.0,Female,26
295,Rohit Kulkarni,rohit.kulkarni@email.com,Unknown,Female,44
296,Meera Iyer,meera.iyer@email.com,9840072251.0,Female,54
297,Meera Chatterjee,meera.chatterjee@email.com,9117838075.0,Female,24
298,Pooja Reddy,pooja.reddy@email.com,7438497285.0,Female,73
299,Sunita Singh,sunita.singh1@email.com,9122032537.0,Female,54
300,Rajesh Banerjee,rajesh.banerjee@email.com,9817402671.0,Female,48
301,Sneha Mehta,sneha.mehta1@email.com,9316630774.0,Female,48
302,Vikram Choudhury,vikram.choudhury@email.com,8307774630.0,Female,48
303,Priya Das,priya.das@email.com,8325187870.0,Female,19
304,Sai Singh,sai.singh@email.com,8494998388.0,Male,59
305,Vikram Rao,vikram.rao@email.com,7391336267.0,Male,31
306,Sanjay Gupta,sanjay.gupta@email.com,7554031864.0,Male,42
307,Saisha Bhat,saisha.bhat1@email.com,7132388660.0,Male,57
308,Ishaan Choudhury,ishaan.choudhury@email.com,8761468017.0,Female,40
309,Sunita Nair,sunita.nair@email.com,7262672908.0,Female,31
310,Simran Mishra,simran.mishra@email.com,Unknown,Male,65
311,Deepika Reddy,deepika.reddy@email.com,9089414559.0,Female,38
312,Aditya Kulkarni,aditya.kulkarni@email.com,9451490502.0,Male,68
313,Deepika Banerjee,deepika.banerjee@email.com,8654705623.0,Male,69
314,Krishna Chatterjee,krishna.chatterjee@email.com,8368606780.0,Male,45
315,Sai Choudhury,sai.choudhury2@email.com,9637717719.0,Female,28
316,Vikram Kumar,vikram.kumar@email.com,9728708207.0,Male,49
317,Anil Banerjee,anil.banerjee@email.com,8081178617.0,Male,20
318,Aarav Mehta,aarav.mehta@email.com,7431985974.0,Female,33
319,Kiran Bhat,kiran.bhat@email.com,8203591899.0,Male,74
320,Anil Reddy,anil.reddy@email.com,8350253645.0,Female,48
321,Rohit Bhat,rohit.bhat@email.com,9720423889.0,Male,48
322,Sandeep Bhat,sandeep.bhat@email.com,9329499120.0,Male,48
323,Kiran Prasad,kiran.prasad@email.com,8475563506.0,Male,33
324,Suresh Rao,suresh.rao@email.com,8938342917.0,Male,27
325,Arjun Singh,arjun.singh@email.com,Unknown,Female,47
326,Sneha Iyer,sneha.iyer2@email.com,7592321168.0,Male,31
327,Sneha Kumar,sneha.kumar1@email.com,7793028198.0,Male,24
328,Anil Patel,anil.patel@email.com,7107214690.0,Female,70
329,Diya Sharma,diya.sharma@email.com,7168088190.0,Female,70
330,Deepika Das,deepika.das1@email.com,7343924166.0,Female,49
331,Kiran Chatterjee,kiran.chatterjee1@email.com,8021185687.0,Female,68
332,Rahul Das,rahul.das@email.com,9735320508.0,Female,21
333,Sanjay Banerjee,sanjay.banerjee1@email.com,8799162890.0,Male,54
334,Sandeep Patil,sandeep.patil@email.com,7158690795.0,Male,71
335,Meera Chatterjee,meera.chatterjee1@email.com,8100604368.0,Female,63
336,Shaurya Nair,shaurya.nair@email.com,7059788939.0,Female,55
337,Arjun Nair,arjun.nair@email.com,8397464375.0,Female,32
338,Shaurya Kulkarni,shaurya.kulkarni@email.com,8721075875.0,Male,56
339,Sneha Mishra,sneha.mishra@email.com,7614303369.0,Female,46
340,Aarav Rao,aarav.rao@email.com,Unknown,Male,48
341,Diya Patil,diya.patil@email.com,8770441483.0,Female,48
342,Sanjay Sen,sanjay.sen@email.com,9724700213.0,Female,48
343,Neha Gupta,neha.gupta@email.com,8564091811.0,Male,30
344,Kiran Prasad,kiran.prasad1@email.com,9772220581.0,Female,18
345,Sunita Gupta,sunita.gupta1@email.com,8864026941.0,Female,48
346,Meera Yadav,meera.yadav@email.com,8051834242.0,Female,54
347,Ananya Kumar,ananya.kumar@email.com,9603595588.0,Female,52
348,Sanjay Sen,sanjay.sen1@email.com,7409759866.0,Male,66
349,Kavita Singh,kavita.singh@email.com,7981494968.0,Female,38
350,Diya Gupta,diya.gupta@email.com,8558590757.0,Female,44
351,Krishna Kumar,krishna.kumar@email.com,9579951253.0,Female,34
352,Sandeep Pandey,sandeep.pandey@email.com,8541466438.0,Male,21
353,Sanjay Rao,sanjay.rao@email.com,8083246081.0,Female,67
354,Sneha Rao,sneha.rao@email.com,9461287788.0,Male,22
355,Ramesh Prasad,ramesh.prasad1@email.com,Unknown,Female,26
356,Simran Sen,simran.sen@email.com,7182000313.0,Female,50
357,Deepika Pandey,deepika.pandey1@email.com,7624494538.0,Female,65
358,Saisha Reddy,saisha.reddy@email.com,7315986624.0,Male,73
359,Aarav Das,aarav.das@email.com,7660283964.0,Female,72
360,Rahul Choudhury,rahul.choudhury@email.com,8235650998.0,Female,48
361,Arjun Das,arjun.das@email.com,7323269615.0,Male,48
362,Deepika Yadav,deepika.yadav@email.com,8676924307.0,Male,48
363,Rahul Pandey,rahul.pandey@email.com,8965888101.0,Female,64
364,Neha Gill,neha.gill@email.com,7986228483.0,Female,47
365,Sai Das,sai.das@email.com,7859085832.0,Male,73
366,Krishna Kumar,krishna.kumar1@email.com,7398918103.0,Male,38
367,Ananya Sharma,ananya.sharma@email.com,8271747066.0,Female,45
368,Sanjay Kulkarni,sanjay.kulkarni@email.com,7013038166.0,Male,32
369,Rahul Reddy,rahul.reddy@email.com,7153009455.0,Female,74
370,Aditya Nair,aditya.nair@email.com,Unknown,Female,40
371,Rohit Singh,rohit.singh@email.com,8029205177.0,Female,74
372,Amit Gill,amit.gill1@email.com,9650180141.0,Female,48
373,Krishna Joshi,krishna.joshi@email.com,9604156748.0,Male,36
374,Sai Patel,sai.patel@email.com,8112527204.0,Male,62
375,Sanjay Nair,sanjay.nair@email.com,7069861057.0,Female,75
376,Amit Pandey,amit.pandey@email.com,7492088836.0,Female,65
377,Sai Patel,sai.patel1@email.com,7016389273.0,Female,29
378,Sai Kulkarni,sai.kulkarni@email.com,8923876716.0,Male,72
379,Ishaan Patel,ishaan.patel@email.com,8945467688.0,Male,48
380,Meera Patel,meera.patel@email.com,8406085772.0,Female,48
381,Simran Prasad,simran.prasad@email.com,9647466188.0,Male,48
382,Ishaan Banerjee,ishaan.banerjee@email.com,8880429026.0,Female,48
383,Saisha Choudhury,saisha.choudhury@email.com,8848414614.0,Male,70
384,Saisha Mishra,saisha.mishra1@email.com,9685643888.0,Female,53
385,Sanjay Prasad,sanjay.prasad1@email.com,Unknown,Female,63
386,Kavita Patel,kavita.patel@email.com,7723892570.0,Male,49
387,Aditya Prasad,aditya.prasad1@email.com,9716193477.0,Male,66
388,Kiran Verma,kiran.verma@email.com,9857469145.0,Male,53
389,Sunita Sen,sunita.sen@email.com,8979618166.0,Female,50
390,Sandeep Iyer,sandeep.iyer@email.com,9972994147.0,Female,71
391,Neha Nair,neha.nair@email.com,9752276917.0,Male,50
392,Rahul Prasad,rahul.prasad1@email.com,9313456478.0,Female,74
393,Sunita Sharma,sunita.sharma@email.com,9130027961.0,Male,62
394,Suresh Joshi,suresh.joshi1@email.com,9081878752.0,Female,62
395,Ananya Kulkarni,ananya.kulkarni1@email.com,8476907288.0,Female,71
396,Neha Pandey,neha.pandey1@email.com,9735717149.0,Male,29
397,Shaurya Bhat,shaurya.bhat@email.com,9102218049.0,Male,27
398,Sneha Mishra,sneha.mishra1@email.com,7768375075.0,Male,51
399,Diya Banerjee,diya.banerjee@email.com,7450223327.0,Female,53
400,Aarav Patel,aarav.patel1@email.com,Unknown,Female,48
